Accuracy,AUC,Precision,Recall,F1Score,MCC,Model
0.8076923076923077,0.5904545454545455,0.8512396694214877,0.9363636363636364,0.8917748917748918,0.05168502214681465,logistic_regression
0.7076923076923077,0.4590909090909091,0.8333333333333334,0.8181818181818182,0.8256880733944955,-0.07872958216222169,decision_tree
0.823076923076923,0.5363636363636364,0.8536585365853658,0.9545454545454546,0.9012875536480687,0.08719033170952704,knn
0.7076923076923077,0.5986363636363636,0.8529411764705882,0.7909090909090909,0.8207547169811321,0.03590476325567601,naive_bayes
0.8153846153846154,0.635909090909091,0.8706896551724138,0.9181818181818182,0.8938053097345132,0.19574801700684927,random_forest
0.7769230769230769,0.6018181818181818,0.8584070796460177,0.8818181818181818,0.8699551569506726,0.0875583325372649,xgboost
